task,model,step,train_loss,train_ce,val_loss,val_acc,best_val_acc,best_step,params,grad_norm,sec,edge_density,edge_entropy,acc_route,w_graph_route,w_order_route,w_key_route,acc_order,w_graph_order,w_order_order,w_key_order,acc_kv,w_graph_kv,w_order_kv,w_key_kv,w_graph,w_order,w_key,router_entropy,order_abs,key_entropy,base_edge_density,base_edge_entropy
mixed,graph,120,0.7167840003967285,0.7167840003967285,0.616332396864891,0.6328125,0.65625,90,22275,7.411384105682373,27.19412851333618,0.1857638955116272,0.5486341118812561,0.711764705882353,0.0,0.0,0.0,0.5147058823529411,0.0,0.0,0.0,0.6715116279069767,0.0,0.0,0.0,,,,,,,,
mixed,always_typed,120,0.03168412297964096,0.03168412297964096,0.02951006218791008,0.9970703125,0.9970703125,120,57066,0.16257016360759735,27.112989902496338,,,0.9970588235294118,0.26487812399864197,0.36814162135124207,0.3669804334640503,1.0,0.26487812399864197,0.36814162135124207,0.3669804334640503,0.9941860465116279,0.26487812399864197,0.36814162135124207,0.3669804036617279,0.2648780941963196,0.3681415319442749,0.3669803738594055,1.0,0.309435099363327,0.999254584312439,,
mixed,router,120,0.039333611726760864,0.031354811042547226,0.021294798236340284,0.99609375,0.99609375,120,60490,0.21867670118808746,27.48355722427368,,,1.0,0.0020299218595027924,0.4364151060581207,0.561555027961731,1.0,0.0015224346425384283,0.9866995811462402,0.011777985841035843,0.9883720930232558,0.0040772357024252415,0.3010767698287964,0.694845974445343,0.0025824285112321377,0.5773545503616333,0.4200630187988281,0.402376651763916,0.30850934982299805,0.998969554901123,0.1857638955116272,0.548905074596405
mixed,router_hard,120,0.1434684842824936,0.1434684842824936,0.19717523455619812,0.8916015625,0.8916015625,120,60490,0.1402759850025177,27.812254667282104,,,0.9941176470588236,0.0011308245593681931,0.22893089056015015,0.7699382305145264,0.7529411764705882,0.002664396306499839,0.4705127477645874,0.5268229246139526,0.9273255813953488,0.00441131554543972,0.1984397917985916,0.7971488833427429,0.002748675411567092,0.2979028820991516,0.6993484497070312,0.23606465756893158,0.3096359968185425,0.9984278082847595,0.1857638955116272,0.5489063858985901
