{
  "finals": [
    {
      "task": "mixed",
      "model": "graph",
      "step": 120,
      "train_loss": 0.7167840003967285,
      "train_ce": 0.7167840003967285,
      "val_loss": 0.616332396864891,
      "val_acc": 0.6328125,
      "best_val_acc": 0.65625,
      "best_step": 90,
      "params": 22275,
      "grad_norm": 7.411384105682373,
      "sec": 27.19412851333618,
      "edge_density": 0.1857638955116272,
      "edge_entropy": 0.5486341118812561,
      "acc_route": 0.711764705882353,
      "w_graph_route": 0.0,
      "w_order_route": 0.0,
      "w_key_route": 0.0,
      "acc_order": 0.5147058823529411,
      "w_graph_order": 0.0,
      "w_order_order": 0.0,
      "w_key_order": 0.0,
      "acc_kv": 0.6715116279069767,
      "w_graph_kv": 0.0,
      "w_order_kv": 0.0,
      "w_key_kv": 0.0
    },
    {
      "task": "mixed",
      "model": "always_typed",
      "step": 120,
      "train_loss": 0.03168412297964096,
      "train_ce": 0.03168412297964096,
      "val_loss": 0.02951006218791008,
      "val_acc": 0.9970703125,
      "best_val_acc": 0.9970703125,
      "best_step": 120,
      "params": 57066,
      "grad_norm": 0.16257016360759735,
      "sec": 27.112989902496338,
      "w_graph": 0.2648780941963196,
      "w_order": 0.3681415319442749,
      "w_key": 0.3669803738594055,
      "router_entropy": 1.0,
      "order_abs": 0.309435099363327,
      "key_entropy": 0.999254584312439,
      "acc_route": 0.9970588235294118,
      "w_graph_route": 0.26487812399864197,
      "w_order_route": 0.36814162135124207,
      "w_key_route": 0.3669804334640503,
      "acc_order": 1.0,
      "w_graph_order": 0.26487812399864197,
      "w_order_order": 0.36814162135124207,
      "w_key_order": 0.3669804334640503,
      "acc_kv": 0.9941860465116279,
      "w_graph_kv": 0.26487812399864197,
      "w_order_kv": 0.36814162135124207,
      "w_key_kv": 0.3669804036617279
    },
    {
      "task": "mixed",
      "model": "router",
      "step": 120,
      "train_loss": 0.039333611726760864,
      "train_ce": 0.031354811042547226,
      "val_loss": 0.021294798236340284,
      "val_acc": 0.99609375,
      "best_val_acc": 0.99609375,
      "best_step": 120,
      "params": 60490,
      "grad_norm": 0.21867670118808746,
      "sec": 27.48355722427368,
      "w_graph": 0.0025824285112321377,
      "w_order": 0.5773545503616333,
      "w_key": 0.4200630187988281,
      "router_entropy": 0.402376651763916,
      "order_abs": 0.30850934982299805,
      "key_entropy": 0.998969554901123,
      "base_edge_density": 0.1857638955116272,
      "base_edge_entropy": 0.548905074596405,
      "acc_route": 1.0,
      "w_graph_route": 0.0020299218595027924,
      "w_order_route": 0.4364151060581207,
      "w_key_route": 0.561555027961731,
      "acc_order": 1.0,
      "w_graph_order": 0.0015224346425384283,
      "w_order_order": 0.9866995811462402,
      "w_key_order": 0.011777985841035843,
      "acc_kv": 0.9883720930232558,
      "w_graph_kv": 0.0040772357024252415,
      "w_order_kv": 0.3010767698287964,
      "w_key_kv": 0.694845974445343
    },
    {
      "task": "mixed",
      "model": "router_hard",
      "step": 120,
      "train_loss": 0.1434684842824936,
      "train_ce": 0.1434684842824936,
      "val_loss": 0.19717523455619812,
      "val_acc": 0.8916015625,
      "best_val_acc": 0.8916015625,
      "best_step": 120,
      "params": 60490,
      "grad_norm": 0.1402759850025177,
      "sec": 27.812254667282104,
      "w_graph": 0.002748675411567092,
      "w_order": 0.2979028820991516,
      "w_key": 0.6993484497070312,
      "router_entropy": 0.23606465756893158,
      "order_abs": 0.3096359968185425,
      "key_entropy": 0.9984278082847595,
      "base_edge_density": 0.1857638955116272,
      "base_edge_entropy": 0.5489063858985901,
      "acc_route": 0.9941176470588236,
      "w_graph_route": 0.0011308245593681931,
      "w_order_route": 0.22893089056015015,
      "w_key_route": 0.7699382305145264,
      "acc_order": 0.7529411764705882,
      "w_graph_order": 0.002664396306499839,
      "w_order_order": 0.4705127477645874,
      "w_key_order": 0.5268229246139526,
      "acc_kv": 0.9273255813953488,
      "w_graph_kv": 0.00441131554543972,
      "w_order_kv": 0.1984397917985916,
      "w_key_kv": 0.7971488833427429
    }
  ],
  "winners": [
    {
      "task": "mixed",
      "winner": "always_typed",
      "winner_acc": 0.9970703125
    }
  ]
}