{
  "finals": [
    {
      "task": "mixed",
      "model": "graph",
      "step": 240,
      "train_loss": 0.5298805832862854,
      "train_ce": 0.5298805832862854,
      "expected_cost": 0.0,
      "entropy_loss": 0.0,
      "val_loss": 0.5181499272584915,
      "val_acc": 0.69921875,
      "best_val_acc": 0.69921875,
      "best_step": 240,
      "params": 22275,
      "grad_norm": 1.1602247953414917,
      "sec": 60.95211338996887,
      "edge_density": 0.1857638955116272,
      "edge_entropy": 0.5482637882232666,
      "acc_route": 0.89453125,
      "w_graph_route": 0.0,
      "w_order_route": 0.0,
      "w_key_route": 0.0,
      "acc_order": 0.484375,
      "w_graph_order": 0.0,
      "w_order_order": 0.0,
      "w_key_order": 0.0,
      "acc_kv": 0.6875,
      "w_graph_kv": 0.0,
      "w_order_kv": 0.0,
      "w_key_kv": 0.0,
      "acc_program": 0.73046875,
      "w_graph_program": 0.0,
      "w_order_program": 0.0,
      "w_key_program": 0.0
    },
    {
      "task": "mixed",
      "model": "always_typed",
      "step": 240,
      "train_loss": 0.11366778612136841,
      "train_ce": 0.11366778612136841,
      "expected_cost": 0.0,
      "entropy_loss": 0.0,
      "val_loss": 0.11117357015609741,
      "val_acc": 0.9501953125,
      "best_val_acc": 0.9599609375,
      "best_step": 120,
      "params": 57066,
      "grad_norm": 0.3252665400505066,
      "sec": 60.53310251235962,
      "w_graph": 0.2568487823009491,
      "w_order": 0.37049007415771484,
      "w_key": 0.37266117334365845,
      "router_entropy": 1.0,
      "acc_route": 1.0,
      "w_graph_route": 0.2568487823009491,
      "w_order_route": 0.37049007415771484,
      "w_key_route": 0.37266114354133606,
      "acc_order": 1.0,
      "w_graph_order": 0.2568487823009491,
      "w_order_order": 0.37049007415771484,
      "w_key_order": 0.37266114354133606,
      "acc_kv": 1.0,
      "w_graph_kv": 0.2568487823009491,
      "w_order_kv": 0.37049007415771484,
      "w_key_kv": 0.37266114354133606,
      "acc_program": 0.80078125,
      "w_graph_program": 0.2568487823009491,
      "w_order_program": 0.37049007415771484,
      "w_key_program": 0.37266114354133606
    },
    {
      "task": "mixed",
      "model": "cost_router",
      "step": 240,
      "train_loss": 0.09378763288259506,
      "train_ce": 0.08013751357793808,
      "expected_cost": 0.4540887773036957,
      "entropy_loss": 0.4568347632884979,
      "val_loss": 0.10306809097528458,
      "val_acc": 0.9541015625,
      "best_val_acc": 0.9541015625,
      "best_step": 240,
      "params": 61322,
      "grad_norm": 0.21388907730579376,
      "sec": 60.171074867248535,
      "w_graph": 0.020559150725603104,
      "w_order": 0.5347630977630615,
      "w_key": 0.44467777013778687,
      "router_entropy": 0.4425239562988281,
      "order_abs": 0.3177896738052368,
      "key_entropy": 0.9963513612747192,
      "acc_route": 1.0,
      "w_graph_route": 0.001309070154093206,
      "w_order_route": 0.39138293266296387,
      "w_key_route": 0.607308030128479,
      "acc_order": 1.0,
      "w_graph_order": 0.001477140816859901,
      "w_order_order": 0.9947314262390137,
      "w_key_order": 0.0037914367858320475,
      "acc_kv": 1.0,
      "w_graph_kv": 0.008647910319268703,
      "w_order_kv": 0.2531311511993408,
      "w_key_kv": 0.7382209897041321,
      "acc_program": 0.81640625,
      "w_graph_program": 0.06987264752388,
      "w_order_program": 0.4726942777633667,
      "w_key_program": 0.4574330449104309
    },
    {
      "task": "mixed",
      "model": "cost_router_hard",
      "step": 240,
      "train_loss": 0.14596940577030182,
      "train_ce": 0.13730274140834808,
      "expected_cost": 0.4333333373069763,
      "entropy_loss": 5.0159574271901874e-08,
      "val_loss": 0.13278956525027752,
      "val_acc": 0.9482421875,
      "best_val_acc": 0.9482421875,
      "best_step": 240,
      "params": 61322,
      "grad_norm": 0.2032475620508194,
      "sec": 60.964597940444946,
      "w_graph": 0.0816233828663826,
      "w_order": 0.37768709659576416,
      "w_key": 0.5406895279884338,
      "router_entropy": 0.3732997179031372,
      "order_abs": 0.3220522403717041,
      "key_entropy": 0.9931678175926208,
      "acc_route": 0.99609375,
      "w_graph_route": 0.005345791112631559,
      "w_order_route": 0.21872058510780334,
      "w_key_route": 0.7759336233139038,
      "acc_order": 1.0,
      "w_graph_order": 0.0029500413220375776,
      "w_order_order": 0.984770655632019,
      "w_key_order": 0.012279371730983257,
      "acc_kv": 1.0,
      "w_graph_kv": 0.018620871007442474,
      "w_order_kv": 0.13364964723587036,
      "w_key_kv": 0.8477294445037842,
      "acc_program": 0.796875,
      "w_graph_program": 0.31561630964279175,
      "w_order_program": 0.19206085801124573,
      "w_key_program": 0.4923228323459625
    }
  ],
  "winners": [
    {
      "task": "mixed",
      "winner": "always_typed",
      "winner_acc": 0.9599609375
    }
  ]
}