{
  "finals": [
    {
      "task": "mixed",
      "model": "always_typed",
      "step": 160,
      "train_loss": 0.09407225996255875,
      "train_ce": 0.09407225996255875,
      "val_loss": 0.11465388350188732,
      "val_acc": 0.951171875,
      "best_val_acc": 0.951171875,
      "best_step": 160,
      "params": 57066,
      "grad_norm": 0.18173560500144958,
      "sec": 40.36504006385803,
      "task_loss": 0.0,
      "graph_cost": 0.0,
      "task_entropy": 0.0,
      "balance": 0.0,
      "memory_waste": 0.0,
      "w_graph": 0.2577624022960663,
      "w_order": 0.3760105073451996,
      "w_key": 0.36622709035873413,
      "router_entropy": 1.0,
      "acc_route": 1.0,
      "taskp_route_route": 0.0,
      "taskp_order_route": 0.0,
      "taskp_kv_route": 0.0,
      "taskp_program_route": 0.0,
      "w_graph_route": 0.2577624022960663,
      "w_order_route": 0.3760104477405548,
      "w_key_route": 0.3662271201610565,
      "acc_order": 1.0,
      "taskp_route_order": 0.0,
      "taskp_order_order": 0.0,
      "taskp_kv_order": 0.0,
      "taskp_program_order": 0.0,
      "w_graph_order": 0.2577624022960663,
      "w_order_order": 0.3760104477405548,
      "w_key_order": 0.3662271201610565,
      "acc_kv": 1.0,
      "taskp_route_kv": 0.0,
      "taskp_order_kv": 0.0,
      "taskp_kv_kv": 0.0,
      "taskp_program_kv": 0.0,
      "w_graph_kv": 0.2577624022960663,
      "w_order_kv": 0.3760104477405548,
      "w_key_kv": 0.3662271201610565,
      "acc_program": 0.8046875,
      "taskp_route_program": 0.0,
      "taskp_order_program": 0.0,
      "taskp_kv_program": 0.0,
      "taskp_program_program": 0.0,
      "w_graph_program": 0.2577624022960663,
      "w_order_program": 0.3760104477405548,
      "w_key_program": 0.3662271201610565
    },
    {
      "task": "mixed",
      "model": "task_moe_msgutil",
      "step": 160,
      "train_loss": 0.1434120237827301,
      "train_ce": 0.11869940161705017,
      "val_loss": 0.10618557222187519,
      "val_acc": 0.9580078125,
      "best_val_acc": 0.9580078125,
      "best_step": 160,
      "params": 70571,
      "grad_norm": 0.20381326973438263,
      "sec": 39.96513605117798,
      "task_loss": 0.1048140749335289,
      "graph_cost": 0.4153054356575012,
      "task_entropy": 0.3129688501358032,
      "balance": 0.02074168436229229,
      "memory_waste": 0.40421348810195923,
      "task_p_route": 0.022821662947535515,
      "task_p_order": 0.41756412386894226,
      "task_p_kv": 0.3016893267631531,
      "task_p_program": 0.2579248547554016,
      "w_graph": 0.06597516685724258,
      "w_order": 0.5394094586372375,
      "w_key": 0.3946153521537781,
      "order_abs": 0.324537992477417,
      "key_entropy": 0.9979522228240967,
      "graph_gate_route": 0.08667077124118805,
      "graph_gate_order": 0.07530441135168076,
      "graph_gate_kv": 0.07864473760128021,
      "graph_gate_program": 0.07647035270929337,
      "edge_util_route": 9.915126445575462e-14,
      "edge_util_order": 1.858579262714599e-12,
      "edge_util_kv": 1.507950014856263e-12,
      "edge_util_program": 1.4665407560218724e-12,
      "acc_route": 1.0,
      "taskp_route_route": 0.07248532772064209,
      "taskp_order_route": 0.43572843074798584,
      "taskp_kv_route": 0.47394120693206787,
      "taskp_program_route": 0.01784498803317547,
      "w_graph_route": 0.1007397323846817,
      "w_order_route": 0.4785255789756775,
      "w_key_route": 0.420734703540802,
      "acc_order": 1.0,
      "taskp_route_order": 0.001709233270958066,
      "taskp_order_order": 0.9938852787017822,
      "taskp_kv_order": 0.0025185728445649147,
      "taskp_program_order": 0.0018869274063035846,
      "w_graph_order": 0.05119646340608597,
      "w_order_order": 0.8958945274353027,
      "w_key_order": 0.05290897190570831,
      "acc_kv": 1.0,
      "taskp_route_kv": 0.007973812520503998,
      "taskp_order_kv": 0.23645108938217163,
      "taskp_kv_kv": 0.7029887437820435,
      "taskp_program_kv": 0.052586331963539124,
      "w_graph_kv": 0.05558167025446892,
      "w_order_kv": 0.3427155315876007,
      "w_key_kv": 0.6017028093338013,
      "acc_program": 0.83203125,
      "taskp_route_program": 0.005054241977632046,
      "taskp_order_program": 0.019580349326133728,
      "taskp_kv_program": 0.0172260869294405,
      "taskp_program_program": 0.9581393003463745,
      "w_graph_program": 0.053537968546152115,
      "w_order_program": 0.45187434554100037,
      "w_key_program": 0.4945877194404602
    }
  ],
  "winners": [
    {
      "task": "mixed",
      "winner": "task_moe_msgutil",
      "winner_acc": 0.9580078125
    }
  ]
}