{
  "finals": [
    {
      "task": "program",
      "model": "graph",
      "step": 240,
      "train_loss": 0.5706388354301453,
      "train_ce": 0.5706388354301453,
      "expected_cost": 0.0,
      "entropy_loss": 0.0,
      "val_loss": 0.5372879579663277,
      "val_acc": 0.703125,
      "best_val_acc": 0.703125,
      "best_step": 240,
      "params": 22275,
      "grad_norm": 1.3868396282196045,
      "sec": 59.3494770526886,
      "edge_density": 0.1857638955116272,
      "edge_entropy": 0.548227846622467,
      "acc_program": 0.703125,
      "w_graph_program": 0.0,
      "w_order_program": 0.0,
      "w_key_program": 0.0
    },
    {
      "task": "program",
      "model": "always_typed",
      "step": 240,
      "train_loss": 0.37565240263938904,
      "train_ce": 0.37565240263938904,
      "expected_cost": 0.0,
      "entropy_loss": 0.0,
      "val_loss": 0.35079874098300934,
      "val_acc": 0.8076171875,
      "best_val_acc": 0.8330078125,
      "best_step": 160,
      "params": 57066,
      "grad_norm": 0.48192790150642395,
      "sec": 61.177414655685425,
      "w_graph": 0.2773076891899109,
      "w_order": 0.34231117367744446,
      "w_key": 0.38038116693496704,
      "router_entropy": 1.0,
      "acc_program": 0.8076171875,
      "w_graph_program": 0.2773076891899109,
      "w_order_program": 0.34231117367744446,
      "w_key_program": 0.38038116693496704
    },
    {
      "task": "program",
      "model": "cost_router",
      "step": 240,
      "train_loss": 0.40805983543395996,
      "train_ce": 0.4010416269302368,
      "expected_cost": 0.34999319911003113,
      "entropy_loss": 0.001834508148021996,
      "val_loss": 0.38552869856357574,
      "val_acc": 0.83203125,
      "best_val_acc": 0.83203125,
      "best_step": 240,
      "params": 61322,
      "grad_norm": 0.14762336015701294,
      "sec": 62.30816960334778,
      "w_graph": 9.514033445157111e-05,
      "w_order": 0.00010752428352134302,
      "w_key": 0.9997973442077637,
      "router_entropy": 0.0018707329872995615,
      "order_abs": 0.4060514271259308,
      "key_entropy": 0.9870380163192749,
      "acc_program": 0.83203125,
      "w_graph_program": 9.300652891397476e-05,
      "w_order_program": 0.00010587355063762516,
      "w_key_program": 0.9998011589050293
    },
    {
      "task": "program",
      "model": "cost_router_hard",
      "step": 240,
      "train_loss": 0.4024064838886261,
      "train_ce": 0.39540648460388184,
      "expected_cost": 0.3499999940395355,
      "entropy_loss": 5.1572452974824046e-08,
      "val_loss": 0.4164727181196213,
      "val_acc": 0.8134765625,
      "best_val_acc": 0.8134765625,
      "best_step": 240,
      "params": 61322,
      "grad_norm": 0.16464954614639282,
      "sec": 60.74592041969299,
      "w_graph": 0.008161881938576698,
      "w_order": 0.02027924545109272,
      "w_key": 0.9715589284896851,
      "router_entropy": 0.1310616135597229,
      "order_abs": 0.40786606073379517,
      "key_entropy": 0.988770604133606,
      "acc_program": 0.8134765625,
      "w_graph_program": 0.008150983601808548,
      "w_order_program": 0.020412420853972435,
      "w_key_program": 0.971436619758606
    }
  ],
  "winners": [
    {
      "task": "program",
      "winner": "always_typed",
      "winner_acc": 0.8330078125
    }
  ]
}