task,model,step,train_loss,train_ce,expected_cost,entropy_loss,val_loss,val_acc,best_val_acc,best_step,params,grad_norm,sec,edge_density,edge_entropy,acc_program,w_graph_program,w_order_program,w_key_program,w_graph,w_order,w_key,router_entropy,order_abs,key_entropy
program,graph,240,0.5706388354301453,0.5706388354301453,0.0,0.0,0.5372879579663277,0.703125,0.703125,240,22275,1.3868396282196045,59.3494770526886,0.1857638955116272,0.548227846622467,0.703125,0.0,0.0,0.0,,,,,,
program,always_typed,240,0.37565240263938904,0.37565240263938904,0.0,0.0,0.35079874098300934,0.8076171875,0.8330078125,160,57066,0.48192790150642395,61.177414655685425,,,0.8076171875,0.2773076891899109,0.34231117367744446,0.38038116693496704,0.2773076891899109,0.34231117367744446,0.38038116693496704,1.0,,
program,cost_router,240,0.40805983543395996,0.4010416269302368,0.34999319911003113,0.001834508148021996,0.38552869856357574,0.83203125,0.83203125,240,61322,0.14762336015701294,62.30816960334778,,,0.83203125,9.300652891397476e-05,0.00010587355063762516,0.9998011589050293,9.514033445157111e-05,0.00010752428352134302,0.9997973442077637,0.0018707329872995615,0.4060514271259308,0.9870380163192749
program,cost_router_hard,240,0.4024064838886261,0.39540648460388184,0.3499999940395355,5.1572452974824046e-08,0.4164727181196213,0.8134765625,0.8134765625,240,61322,0.16464954614639282,60.74592041969299,,,0.8134765625,0.008150983601808548,0.020412420853972435,0.971436619758606,0.008161881938576698,0.02027924545109272,0.9715589284896851,0.1310616135597229,0.40786606073379517,0.988770604133606
