{
  "finals": [
    {
      "task": "program",
      "model": "always_typed",
      "step": 180,
      "train_loss": 0.38455429673194885,
      "train_ce": 0.38455429673194885,
      "expected_cost": 0.0,
      "entropy_loss": 0.0,
      "val_loss": 0.35573824495077133,
      "val_acc": 0.81640625,
      "best_val_acc": 0.81640625,
      "best_step": 180,
      "params": 57066,
      "grad_norm": 0.6161271333694458,
      "sec": 44.04035973548889,
      "w_graph": 0.288979709148407,
      "w_order": 0.3380219638347626,
      "w_key": 0.37299829721450806,
      "router_entropy": 1.0,
      "acc_program": 0.81640625,
      "w_graph_program": 0.288979709148407,
      "w_order_program": 0.3380219638347626,
      "w_key_program": 0.37299829721450806
    },
    {
      "task": "program",
      "model": "cost_router",
      "step": 180,
      "train_loss": 0.33991941809654236,
      "train_ce": 0.32645726203918457,
      "expected_cost": 0.40140724182128906,
      "entropy_loss": 0.5434015989303589,
      "val_loss": 0.39310064911842346,
      "val_acc": 0.8212890625,
      "best_val_acc": 0.8212890625,
      "best_step": 180,
      "params": 61322,
      "grad_norm": 0.250524640083313,
      "sec": 44.59136247634888,
      "w_graph": 0.0035710257943719625,
      "w_order": 0.25739118456840515,
      "w_key": 0.739037811756134,
      "router_entropy": 0.5381040573120117,
      "order_abs": 0.40692177414894104,
      "key_entropy": 0.9956137537956238,
      "acc_program": 0.8212890625,
      "w_graph_program": 0.0035764724016189575,
      "w_order_program": 0.2570047378540039,
      "w_key_program": 0.7394187450408936
    }
  ],
  "winners": [
    {
      "task": "program",
      "winner": "cost_router",
      "winner_acc": 0.8212890625
    }
  ]
}