{
  "finals": [
    {
      "task": "program",
      "model": "always_typed",
      "step": 180,
      "train_loss": 0.38455429673194885,
      "train_ce": 0.38455429673194885,
      "expected_cost": 0.0,
      "entropy_loss": 0.0,
      "val_loss": 0.35573824495077133,
      "val_acc": 0.81640625,
      "best_val_acc": 0.81640625,
      "best_step": 180,
      "params": 57066,
      "grad_norm": 0.6161271333694458,
      "sec": 45.124279737472534,
      "w_graph": 0.288979709148407,
      "w_order": 0.3380219638347626,
      "w_key": 0.37299829721450806,
      "router_entropy": 1.0,
      "acc_program": 0.81640625,
      "w_graph_program": 0.288979709148407,
      "w_order_program": 0.3380219638347626,
      "w_key_program": 0.37299829721450806
    },
    {
      "task": "program",
      "model": "cost_router",
      "step": 180,
      "train_loss": 0.3305988609790802,
      "train_ce": 0.32493072748184204,
      "expected_cost": 0.4074885845184326,
      "entropy_loss": 0.5668140649795532,
      "val_loss": 0.38587697595357895,
      "val_acc": 0.8154296875,
      "best_val_acc": 0.8154296875,
      "best_step": 180,
      "params": 61322,
      "grad_norm": 0.25251269340515137,
      "sec": 43.43618178367615,
      "w_graph": 0.0033599846065044403,
      "w_order": 0.2950831651687622,
      "w_key": 0.7015568017959595,
      "router_entropy": 0.5689182877540588,
      "order_abs": 0.40692177414894104,
      "key_entropy": 0.9959316849708557,
      "acc_program": 0.8154296875,
      "w_graph_program": 0.0033556323032826185,
      "w_order_program": 0.2940215468406677,
      "w_key_program": 0.7026227712631226
    }
  ],
  "winners": [
    {
      "task": "program",
      "winner": "always_typed",
      "winner_acc": 0.81640625
    }
  ]
}