task,model,step,train_loss,val_loss,val_acc,best_val_acc,best_step,params,grad_norm,sec,plateau,key_entropy,order_abs,order_gate
order_compare,mean_pool,180,0.6976861953735352,0.6985985487699509,0.4921875,0.513671875,60,109060,0.11105674505233765,2.266474723815918,,,,
order_compare,adfc3,180,0.2533250153064728,0.29554734379053116,0.86962890625,0.86962890625,180,161124,2.181338310241699,70.57951426506042,0.323370099067688,0.9298222661018372,,
order_compare,adfc6,180,0.008820077404379845,0.00444740301463753,0.99853515625,0.99853515625,180,162988,0.5025807619094849,73.12748861312866,0.30204057693481445,0.01951608620584011,0.24543562531471252,0.45405009388923645
