task,model,step,train_loss,train_ce,val_loss,val_acc,best_val_acc,best_step,params,grad_norm,sec,task_loss,graph_cost,task_entropy,balance,memory_waste,task_p_route,task_p_order,task_p_kv,task_p_program,w_graph,w_order,w_key,order_abs,key_entropy,graph_gate_route,graph_gate_order,graph_gate_kv,graph_gate_program,edge_util_route,edge_util_order,edge_util_kv,edge_util_program,acc_route,taskp_route_route,taskp_order_route,taskp_kv_route,taskp_program_route,w_graph_route,w_order_route,w_key_route,acc_order,taskp_route_order,taskp_order_order,taskp_kv_order,taskp_program_order,w_graph_order,w_order_order,w_key_order,acc_kv,taskp_route_kv,taskp_order_kv,taskp_kv_kv,taskp_program_kv,w_graph_kv,w_order_kv,w_key_kv,acc_program,taskp_route_program,taskp_order_program,taskp_kv_program,taskp_program_program,w_graph_program,w_order_program,w_key_program
mixed,task_moe_msgutil,3,0.6659824252128601,0.6296015381813049,0.7159611284732819,0.51171875,0.5546875,2,70571,0.4735296964645386,1.7422370910644531,0.1729166954755783,0.4990830719470978,0.950067400932312,0.004529835656285286,0.4221828281879425,0.133773535490036,0.24283280968666077,0.2918020486831665,0.3315916061401367,0.14364148676395416,0.4249133765697479,0.4314451217651367,0.38159382343292236,0.9999760985374451,0.09263143688440323,0.09262783080339432,0.09262906014919281,0.0926283746957779,0.0,0.0,0.0,0.0,0.484375,0.13307304680347443,0.2778570353984833,0.33993926644325256,0.24913063645362854,0.14315113425254822,0.4264783263206482,0.430370569229126,0.46875,0.14184017479419708,0.31501829624176025,0.25206390023231506,0.2910776138305664,0.1492881327867508,0.46649500727653503,0.38421687483787537,0.546875,0.1148679256439209,0.2024344503879547,0.3320513367652893,0.3506462574005127,0.13040755689144135,0.4012763202190399,0.46831613779067993,0.546875,0.15275050699710846,0.17098233103752136,0.240605890750885,0.435661256313324,0.15692536532878876,0.4012976288795471,0.4417770206928253
