{
  "finals": [
    {
      "task": "mixed",
      "model": "always_typed",
      "step": 240,
      "train_loss": 0.08457551151514053,
      "train_ce": 0.08457551151514053,
      "expected_cost": 0.0,
      "target_loss": 0.0,
      "metabolic_loss": 0.0,
      "val_loss": 0.09382003918290138,
      "val_acc": 0.9580078125,
      "best_val_acc": 0.9580078125,
      "best_step": 240,
      "params": 57066,
      "grad_norm": 0.235110342502594,
      "sec": 60.09472703933716,
      "w_graph": 0.2457486242055893,
      "w_order": 0.38173845410346985,
      "w_key": 0.3725128769874573,
      "router_entropy": 1.0,
      "acc_route": 1.0,
      "w_graph_route": 0.2457485795021057,
      "w_order_route": 0.3817385137081146,
      "w_key_route": 0.3725128471851349,
      "acc_order": 1.0,
      "w_graph_order": 0.2457485795021057,
      "w_order_order": 0.3817385137081146,
      "w_key_order": 0.3725128471851349,
      "acc_kv": 1.0,
      "w_graph_kv": 0.2457485795021057,
      "w_order_kv": 0.3817385137081146,
      "w_key_kv": 0.3725128471851349,
      "acc_program": 0.83203125,
      "w_graph_program": 0.2457485795021057,
      "w_order_program": 0.3817385137081146,
      "w_key_program": 0.3725128471851349
    },
    {
      "task": "mixed",
      "model": "cost_router",
      "step": 240,
      "train_loss": 0.12762539088726044,
      "train_ce": 0.11570051312446594,
      "expected_cost": 0.40662917494773865,
      "target_loss": 0.09480728209018707,
      "metabolic_loss": 0.0,
      "val_loss": 0.09930144064128399,
      "val_acc": 0.9482421875,
      "best_val_acc": 0.9580078125,
      "best_step": 120,
      "params": 61322,
      "grad_norm": 0.20954488217830658,
      "sec": 60.201242208480835,
      "w_graph": 0.12728342413902283,
      "w_order": 0.4580346643924713,
      "w_key": 0.41468191146850586,
      "router_entropy": 0.6509391069412231,
      "order_abs": 0.32123270630836487,
      "key_entropy": 0.9971044063568115,
      "acc_route": 1.0,
      "w_graph_route": 0.02044134959578514,
      "w_order_route": 0.3846496045589447,
      "w_key_route": 0.5949090719223022,
      "acc_order": 1.0,
      "w_graph_order": 0.05308537557721138,
      "w_order_order": 0.8810781240463257,
      "w_key_order": 0.06583653390407562,
      "acc_kv": 1.0,
      "w_graph_kv": 0.027350004762411118,
      "w_order_kv": 0.29263928532600403,
      "w_key_kv": 0.6800106763839722,
      "acc_program": 0.79296875,
      "w_graph_program": 0.4056839346885681,
      "w_order_program": 0.2803502082824707,
      "w_key_program": 0.3139658570289612
    },
    {
      "task": "mixed",
      "model": "metabolic",
      "step": 240,
      "train_loss": 0.1351989358663559,
      "train_ce": 0.06853614747524261,
      "expected_cost": 0.3977065086364746,
      "target_loss": 0.08741110563278198,
      "metabolic_loss": 0.05521221458911896,
      "val_loss": 0.09791037812829018,
      "val_acc": 0.955078125,
      "best_val_acc": 0.955078125,
      "best_step": 240,
      "params": 61325,
      "grad_norm": 0.2170492261648178,
      "sec": 62.79535222053528,
      "w_graph": 0.1327323615550995,
      "w_order": 0.4313003420829773,
      "w_key": 0.4359672963619232,
      "router_entropy": 0.6718013286590576,
      "order_abs": 0.3177896738052368,
      "key_entropy": 0.9963991045951843,
      "survive_graph": 0.7137881517410278,
      "survive_order": 0.7249363660812378,
      "survive_key": 0.7369956970214844,
      "channel_alive_cost": 0.7255420088768005,
      "edge_proxy_cost": 0.38455483317375183,
      "activity_proxy": 0.5335546731948853,
      "homeo_loss": 0.20571185648441315,
      "acc_route": 1.0,
      "w_graph_route": 0.046081915497779846,
      "w_order_route": 0.36149024963378906,
      "w_key_route": 0.5924278497695923,
      "acc_order": 1.0,
      "w_graph_order": 0.07594576478004456,
      "w_order_order": 0.8492053747177124,
      "w_key_order": 0.07484884560108185,
      "acc_kv": 1.0,
      "w_graph_kv": 0.037457458674907684,
      "w_order_kv": 0.24559977650642395,
      "w_key_kv": 0.7169427871704102,
      "acc_program": 0.8203125,
      "w_graph_program": 0.36629799008369446,
      "w_order_program": 0.24561208486557007,
      "w_key_program": 0.38808995485305786
    },
    {
      "task": "mixed",
      "model": "metabolic_hard",
      "step": 240,
      "train_loss": 0.2853897511959076,
      "train_ce": 0.21413064002990723,
      "expected_cost": 0.38593751192092896,
      "target_loss": 0.2618750035762787,
      "metabolic_loss": 0.05306537076830864,
      "val_loss": 0.22263174131512642,
      "val_acc": 0.876953125,
      "best_val_acc": 0.8818359375,
      "best_step": 200,
      "params": 61325,
      "grad_norm": 0.15307988226413727,
      "sec": 63.36806011199951,
      "w_graph": 0.19063401222229004,
      "w_order": 0.18426093459129333,
      "w_key": 0.6251050233840942,
      "router_entropy": 0.5086415410041809,
      "order_abs": 0.3220522403717041,
      "key_entropy": 0.9928810000419617,
      "survive_graph": 0.6893896460533142,
      "survive_order": 0.6895633935928345,
      "survive_key": 0.6895202994346619,
      "channel_alive_cost": 0.689960241317749,
      "edge_proxy_cost": 0.3843056857585907,
      "activity_proxy": 0.5059890151023865,
      "homeo_loss": 0.18146665394306183,
      "acc_route": 0.99609375,
      "w_graph_route": 0.02238484099507332,
      "w_order_route": 0.20767685770988464,
      "w_key_route": 0.7699383497238159,
      "acc_order": 0.71484375,
      "w_graph_order": 0.324432373046875,
      "w_order_order": 0.35109472274780273,
      "w_key_order": 0.32447290420532227,
      "acc_kv": 1.0,
      "w_graph_kv": 0.017907675355672836,
      "w_order_kv": 0.12364470958709717,
      "w_key_kv": 0.8584476113319397,
      "acc_program": 0.796875,
      "w_graph_program": 0.3699829578399658,
      "w_order_program": 0.11918699741363525,
      "w_key_program": 0.5108300447463989
    }
  ],
  "winners": [
    {
      "task": "mixed",
      "winner": "always_typed",
      "winner_acc": 0.9580078125
    }
  ]
}