{
  "finals": [
    {
      "task": "mixed",
      "model": "always_typed",
      "step": 200,
      "train_loss": 0.11254149675369263,
      "train_ce": 0.11254149675369263,
      "val_loss": 0.1145388800650835,
      "val_acc": 0.9482421875,
      "best_val_acc": 0.951171875,
      "best_step": 160,
      "params": 57066,
      "grad_norm": 0.4362175166606903,
      "sec": 49.14316439628601,
      "task_loss": 0.0,
      "graph_cost": 0.0,
      "task_entropy": 0.0,
      "balance": 0.0,
      "memory_waste": 0.0,
      "w_graph": 0.25053951144218445,
      "w_order": 0.37887004017829895,
      "w_key": 0.3705904483795166,
      "router_entropy": 1.0,
      "acc_route": 1.0,
      "taskp_route_route": 0.0,
      "taskp_order_route": 0.0,
      "taskp_kv_route": 0.0,
      "taskp_program_route": 0.0,
      "w_graph_route": 0.25053951144218445,
      "w_order_route": 0.37887004017829895,
      "w_key_route": 0.3705903887748718,
      "acc_order": 1.0,
      "taskp_route_order": 0.0,
      "taskp_order_order": 0.0,
      "taskp_kv_order": 0.0,
      "taskp_program_order": 0.0,
      "w_graph_order": 0.25053951144218445,
      "w_order_order": 0.37887004017829895,
      "w_key_order": 0.3705903887748718,
      "acc_kv": 1.0,
      "taskp_route_kv": 0.0,
      "taskp_order_kv": 0.0,
      "taskp_kv_kv": 0.0,
      "taskp_program_kv": 0.0,
      "w_graph_kv": 0.25053951144218445,
      "w_order_kv": 0.37887004017829895,
      "w_key_kv": 0.3705903887748718,
      "acc_program": 0.79296875,
      "taskp_route_program": 0.0,
      "taskp_order_program": 0.0,
      "taskp_kv_program": 0.0,
      "taskp_program_program": 0.0,
      "w_graph_program": 0.25053951144218445,
      "w_order_program": 0.37887004017829895,
      "w_key_program": 0.3705903887748718
    },
    {
      "task": "mixed",
      "model": "task_moe_utility",
      "step": 200,
      "train_loss": 0.12021640688180923,
      "train_ce": 0.10272186994552612,
      "val_loss": 0.12173218466341496,
      "val_acc": 0.9453125,
      "best_val_acc": 0.9677734375,
      "best_step": 160,
      "params": 70571,
      "grad_norm": 0.19708889722824097,
      "sec": 47.94985342025757,
      "task_loss": 0.041726358234882355,
      "graph_cost": 0.3989473581314087,
      "task_entropy": 0.31781384348869324,
      "balance": 0.008748695254325867,
      "memory_waste": 0.3607635796070099,
      "task_p_route": 0.11967754364013672,
      "task_p_order": 0.3868749737739563,
      "task_p_kv": 0.2562093734741211,
      "task_p_program": 0.2372381091117859,
      "w_graph": 0.1337742805480957,
      "w_order": 0.5053437948226929,
      "w_key": 0.3608819544315338,
      "order_abs": 0.3241601884365082,
      "key_entropy": 0.9975642561912537,
      "graph_gate_route": 0.08000210672616959,
      "graph_gate_order": 0.07169411331415176,
      "graph_gate_kv": 0.07540503889322281,
      "graph_gate_program": 0.07254470884799957,
      "edge_util_route": 1.197086074711251e-08,
      "edge_util_order": 8.450803790083228e-08,
      "edge_util_kv": 6.744278380210744e-08,
      "edge_util_program": 5.855430629253533e-08,
      "acc_route": 1.0,
      "taskp_route_route": 0.46017566323280334,
      "taskp_order_route": 0.2702794075012207,
      "taskp_kv_route": 0.26584285497665405,
      "taskp_program_route": 0.003702023299410939,
      "w_graph_route": 0.37212297320365906,
      "w_order_route": 0.33081138134002686,
      "w_key_route": 0.2970656156539917,
      "acc_order": 0.99609375,
      "taskp_route_order": 0.0022281722631305456,
      "taskp_order_order": 0.9962316751480103,
      "taskp_kv_order": 0.0009253620519302785,
      "taskp_program_order": 0.000614848337136209,
      "w_graph_order": 0.05155972018837929,
      "w_order_order": 0.897246778011322,
      "w_key_order": 0.05119352042675018,
      "acc_kv": 1.0,
      "taskp_route_kv": 0.005872462876141071,
      "taskp_order_kv": 0.20086541771888733,
      "taskp_kv_kv": 0.7817089557647705,
      "taskp_program_kv": 0.011553149670362473,
      "w_graph_kv": 0.054110728204250336,
      "w_order_kv": 0.3038213849067688,
      "w_key_kv": 0.6420679092407227,
      "acc_program": 0.78515625,
      "taskp_route_program": 0.005905104335397482,
      "taskp_order_program": 0.042792029678821564,
      "taskp_kv_program": 0.019527168944478035,
      "taskp_program_program": 0.931775689125061,
      "w_graph_program": 0.054133571684360504,
      "w_order_program": 0.46133148670196533,
      "w_key_program": 0.48453494906425476
    }
  ],
  "winners": [
    {
      "task": "mixed",
      "winner": "task_moe_utility",
      "winner_acc": 0.9677734375
    }
  ]
}