task,model,step,train_loss,train_ce,val_loss,val_acc,best_val_acc,best_step,params,grad_norm,sec,edge_density,edge_entropy,acc_route,w_graph_route,w_order_route,w_key_route,acc_order,w_graph_order,w_order_order,w_key_order,acc_kv,w_graph_kv,w_order_kv,w_key_kv,w_graph,w_order,w_key,router_entropy,order_abs,key_entropy,base_edge_density,base_edge_entropy
mixed,graph,40,0.6910302042961121,0.6910302042961121,0.6904411166906357,0.53515625,0.53515625,40,22275,0.04724309593439102,9.837204456329346,0.1857638955116272,0.5489047169685364,0.56640625,0.0,0.0,0.0,0.53125,0.0,0.0,0.0,0.5078125,0.0,0.0,0.0,,,,,,,,
mixed,always_typed,40,0.29370781779289246,0.29370781779289246,0.25355760380625725,0.8997395833333334,0.8997395833333334,40,57066,0.32473376393318176,9.682294130325317,,,0.93359375,0.3086881935596466,0.3481985628604889,0.3431132733821869,0.97265625,0.3086881935596466,0.3481985628604889,0.3431132733821869,0.79296875,0.3086881935596466,0.3481985628604889,0.3431132733821869,0.308688223361969,0.3481985926628113,0.3431132137775421,1.0,0.31053730845451355,0.9999663829803467,,
mixed,router,40,0.21226604282855988,0.20665572583675385,0.2141340784728527,0.9088541666666666,0.9088541666666666,40,60490,0.32797756791114807,10.806629419326782,,,0.953125,0.022124962881207466,0.2273232489824295,0.7505518198013306,0.98046875,0.03532806783914566,0.86154705286026,0.10312486439943314,0.79296875,0.045519862323999405,0.28251373767852783,0.6719663739204407,0.03502504155039787,0.4596483111381531,0.5053267478942871,0.5727918744087219,0.3087220788002014,0.999945342540741,0.1857638955116272,0.5489054918289185
