{
  "finals": [
    {
      "task": "mixed",
      "model": "graph",
      "step": 40,
      "train_loss": 0.6910302042961121,
      "train_ce": 0.6910302042961121,
      "val_loss": 0.6904411166906357,
      "val_acc": 0.53515625,
      "best_val_acc": 0.53515625,
      "best_step": 40,
      "params": 22275,
      "grad_norm": 0.04724309593439102,
      "sec": 9.837204456329346,
      "edge_density": 0.1857638955116272,
      "edge_entropy": 0.5489047169685364,
      "acc_route": 0.56640625,
      "w_graph_route": 0.0,
      "w_order_route": 0.0,
      "w_key_route": 0.0,
      "acc_order": 0.53125,
      "w_graph_order": 0.0,
      "w_order_order": 0.0,
      "w_key_order": 0.0,
      "acc_kv": 0.5078125,
      "w_graph_kv": 0.0,
      "w_order_kv": 0.0,
      "w_key_kv": 0.0
    },
    {
      "task": "mixed",
      "model": "always_typed",
      "step": 40,
      "train_loss": 0.29370781779289246,
      "train_ce": 0.29370781779289246,
      "val_loss": 0.25355760380625725,
      "val_acc": 0.8997395833333334,
      "best_val_acc": 0.8997395833333334,
      "best_step": 40,
      "params": 57066,
      "grad_norm": 0.32473376393318176,
      "sec": 9.682294130325317,
      "w_graph": 0.308688223361969,
      "w_order": 0.3481985926628113,
      "w_key": 0.3431132137775421,
      "router_entropy": 1.0,
      "order_abs": 0.31053730845451355,
      "key_entropy": 0.9999663829803467,
      "acc_route": 0.93359375,
      "w_graph_route": 0.3086881935596466,
      "w_order_route": 0.3481985628604889,
      "w_key_route": 0.3431132733821869,
      "acc_order": 0.97265625,
      "w_graph_order": 0.3086881935596466,
      "w_order_order": 0.3481985628604889,
      "w_key_order": 0.3431132733821869,
      "acc_kv": 0.79296875,
      "w_graph_kv": 0.3086881935596466,
      "w_order_kv": 0.3481985628604889,
      "w_key_kv": 0.3431132733821869
    },
    {
      "task": "mixed",
      "model": "router",
      "step": 40,
      "train_loss": 0.21226604282855988,
      "train_ce": 0.20665572583675385,
      "val_loss": 0.2141340784728527,
      "val_acc": 0.9088541666666666,
      "best_val_acc": 0.9088541666666666,
      "best_step": 40,
      "params": 60490,
      "grad_norm": 0.32797756791114807,
      "sec": 10.806629419326782,
      "w_graph": 0.03502504155039787,
      "w_order": 0.4596483111381531,
      "w_key": 0.5053267478942871,
      "router_entropy": 0.5727918744087219,
      "order_abs": 0.3087220788002014,
      "key_entropy": 0.999945342540741,
      "base_edge_density": 0.1857638955116272,
      "base_edge_entropy": 0.5489054918289185,
      "acc_route": 0.953125,
      "w_graph_route": 0.022124962881207466,
      "w_order_route": 0.2273232489824295,
      "w_key_route": 0.7505518198013306,
      "acc_order": 0.98046875,
      "w_graph_order": 0.03532806783914566,
      "w_order_order": 0.86154705286026,
      "w_key_order": 0.10312486439943314,
      "acc_kv": 0.79296875,
      "w_graph_kv": 0.045519862323999405,
      "w_order_kv": 0.28251373767852783,
      "w_key_kv": 0.6719663739204407
    }
  ],
  "winners": [
    {
      "task": "mixed",
      "winner": "router",
      "winner_acc": 0.9088541666666666
    }
  ]
}