task,model,step,train_loss,train_ce,expected_cost,target_loss,metabolic_loss,val_loss,val_acc,best_val_acc,best_step,params,grad_norm,sec,w_graph,w_order,w_key,router_entropy,order_abs,key_entropy,survive_graph,survive_order,survive_key,channel_alive_cost,edge_proxy_cost,activity_proxy,homeo_loss,acc_route,w_graph_route,w_order_route,w_key_route,acc_order,w_graph_order,w_order_order,w_key_order,acc_kv,w_graph_kv,w_order_kv,w_key_kv,acc_program,w_graph_program,w_order_program,w_key_program
mixed,metabolic,3,0.858069121837616,0.7840282320976257,0.34281110763549805,0.09757760167121887,0.0632815808057785,0.7045625746250153,0.4921875,0.53125,2,61325,2.447065591812134,1.592010259628296,0.23902273178100586,0.3851977288722992,0.37577950954437256,0.9681629538536072,0.38159382343292236,0.9999688267707825,0.7848296761512756,0.7858119010925293,0.7848600745201111,0.7853159308433533,0.49960944056510925,0.5759390592575073,0.24595557153224945,0.453125,0.1976419985294342,0.47140392661094666,0.33095410466194153,0.484375,0.30539798736572266,0.3798898160457611,0.31471216678619385,0.484375,0.25355255603790283,0.35042911767959595,0.39601829648017883,0.546875,0.19899888336658478,0.33942028880119324,0.4615808129310608
