{
  "finals": [
    {
      "task": "program",
      "model": "always_typed",
      "step": 180,
      "train_loss": 0.38455429673194885,
      "train_ce": 0.38455429673194885,
      "expected_cost": 0.0,
      "entropy_loss": 0.0,
      "val_loss": 0.35573824495077133,
      "val_acc": 0.81640625,
      "best_val_acc": 0.81640625,
      "best_step": 180,
      "params": 57066,
      "grad_norm": 0.6161271333694458,
      "sec": 42.641313791275024,
      "w_graph": 0.288979709148407,
      "w_order": 0.3380219638347626,
      "w_key": 0.37299829721450806,
      "router_entropy": 1.0,
      "acc_program": 0.81640625,
      "w_graph_program": 0.288979709148407,
      "w_order_program": 0.3380219638347626,
      "w_key_program": 0.37299829721450806
    },
    {
      "task": "program",
      "model": "cost_router",
      "step": 180,
      "train_loss": 0.40250998735427856,
      "train_ce": 0.37072572112083435,
      "expected_cost": 0.13244205713272095,
      "entropy_loss": 0.5295829772949219,
      "val_loss": 0.4311574250459671,
      "val_acc": 0.8046875,
      "best_val_acc": 0.8046875,
      "best_step": 180,
      "params": 61322,
      "grad_norm": 0.4343881905078888,
      "sec": 43.41327929496765,
      "w_graph": 0.7086347341537476,
      "w_order": 0.0018890908686444163,
      "w_key": 0.2894761860370636,
      "router_entropy": 0.5472801923751831,
      "order_abs": 0.40692177414894104,
      "key_entropy": 0.9916012287139893,
      "acc_program": 0.8046875,
      "w_graph_program": 0.7067235708236694,
      "w_order_program": 0.001885905396193266,
      "w_key_program": 0.2913905680179596
    }
  ],
  "winners": [
    {
      "task": "program",
      "winner": "always_typed",
      "winner_acc": 0.81640625
    }
  ]
}