task,winner,winner_acc,none_acc,margin_vs_none
order,learned_sparse_ops,0.5234375,0.5052083333333334,0.01822916666666663
kv,learned_sparse_ops,0.6966145833333334,0.5,0.19661458333333337
