task,model,step,train_loss,val_loss,val_acc,best_val_acc,best_step,params,grad_norm,sec,plateau,key_entropy
mode_select,mean_pool,60,0.6217467188835144,0.6072854548692703,0.7578125,0.7578125,60,35619,0.09106826782226562,0.7622520923614502,,
mode_select,adfc3,60,0.011490433476865292,0.009504331042990088,1.0,1.0,60,39523,0.10437268018722534,12.671911478042603,0.4723580479621887,0.08019105345010757
order_compare,mean_pool,60,0.6921679973602295,0.6963168382644653,0.474609375,0.5166015625,20,35619,0.10371945053339005,0.41321253776550293,,
order_compare,adfc3,60,0.6914312243461609,0.6918045431375504,0.5419921875,0.5419921875,60,39523,0.5909047722816467,12.631298542022705,0.4592636227607727,0.9648483395576477
kv_recall4,mean_pool,60,0.64137202501297,0.6141419112682343,0.71484375,0.71484375,60,35619,0.1951226145029068,0.5040123462677002,,
kv_recall4,adfc3,60,0.0002159756259061396,0.00022204669221537188,1.0,1.0,40,39523,0.0021618620958179235,12.898556470870972,0.5059754252433777,0.1775282770395279
