{
  "finals": [
    {
      "task": "mixed",
      "model": "task_moe_utility",
      "step": 3,
      "train_loss": 0.6659824252128601,
      "train_ce": 0.6296015381813049,
      "val_loss": 0.7159611284732819,
      "val_acc": 0.51171875,
      "best_val_acc": 0.5546875,
      "best_step": 2,
      "params": 70571,
      "grad_norm": 0.4735296964645386,
      "sec": 1.7568576335906982,
      "task_loss": 0.1729166954755783,
      "graph_cost": 0.4990830719470978,
      "task_entropy": 0.950067400932312,
      "balance": 0.004529835656285286,
      "memory_waste": 0.4221828281879425,
      "task_p_route": 0.133773535490036,
      "task_p_order": 0.24283280968666077,
      "task_p_kv": 0.2918020486831665,
      "task_p_program": 0.3315916061401367,
      "w_graph": 0.14364148676395416,
      "w_order": 0.4249133765697479,
      "w_key": 0.4314451217651367,
      "order_abs": 0.38159382343292236,
      "key_entropy": 0.9999760985374451,
      "graph_gate_route": 0.09263143688440323,
      "graph_gate_order": 0.09262783080339432,
      "graph_gate_kv": 0.09262906014919281,
      "graph_gate_program": 0.0926283746957779,
      "edge_util_route": 0.0,
      "edge_util_order": 0.0,
      "edge_util_kv": 0.0,
      "edge_util_program": 0.0,
      "acc_route": 0.484375,
      "taskp_route_route": 0.13307304680347443,
      "taskp_order_route": 0.2778570353984833,
      "taskp_kv_route": 0.33993926644325256,
      "taskp_program_route": 0.24913063645362854,
      "w_graph_route": 0.14315113425254822,
      "w_order_route": 0.4264783263206482,
      "w_key_route": 0.430370569229126,
      "acc_order": 0.46875,
      "taskp_route_order": 0.14184017479419708,
      "taskp_order_order": 0.31501829624176025,
      "taskp_kv_order": 0.25206390023231506,
      "taskp_program_order": 0.2910776138305664,
      "w_graph_order": 0.1492881327867508,
      "w_order_order": 0.46649500727653503,
      "w_key_order": 0.38421687483787537,
      "acc_kv": 0.546875,
      "taskp_route_kv": 0.1148679256439209,
      "taskp_order_kv": 0.2024344503879547,
      "taskp_kv_kv": 0.3320513367652893,
      "taskp_program_kv": 0.3506462574005127,
      "w_graph_kv": 0.13040755689144135,
      "w_order_kv": 0.4012763202190399,
      "w_key_kv": 0.46831613779067993,
      "acc_program": 0.546875,
      "taskp_route_program": 0.15275050699710846,
      "taskp_order_program": 0.17098233103752136,
      "taskp_kv_program": 0.240605890750885,
      "taskp_program_program": 0.435661256313324,
      "w_graph_program": 0.15692536532878876,
      "w_order_program": 0.4012976288795471,
      "w_key_program": 0.4417770206928253
    }
  ],
  "winners": [
    {
      "task": "mixed",
      "winner": "task_moe_utility",
      "winner_acc": 0.5546875
    }
  ]
}